family	genome_group	genome_detail	ictv_genome_values	dictionary_status	source_release	source_url
Abyssoviridae	RNA	RNA virus; ssRNA(+)	ssRNA(+)	reference_mapped	ICTV MSL41.v1 (2025)	https://ictv.global/msl
Ackermannviridae	DNA	DNA virus; dsDNA	dsDNA	reference_mapped	ICTV MSL41.v1 (2025)	https://ictv.global/msl
Adamaviridae	DNA	DNA virus; ssDNA(+/-)	ssDNA(+/-)	reference_mapped	ICTV MSL41.v1 (2025)	https://ictv.global/msl
Adenoviridae	DNA	DNA virus; dsDNA	dsDNA	reference_mapped	ICTV MSL41.v1 (2025)	https://ictv.global/msl
Aggregaviridae	DNA	DNA virus; dsDNA	dsDNA	reference_mapped	ICTV MSL41.v1 (2025)	https://ictv.global/msl
Ahmunviridae	DNA	DNA virus; dsDNA	dsDNA	reference_mapped	ICTV MSL41.v1 (2025)	https://ictv.global/msl
Ahpuchviridae	DNA	DNA virus; dsDNA	dsDNA	reference_mapped	ICTV MSL41.v1 (2025)	https://ictv.global/msl
Aliceevansviridae	DNA	DNA virus; dsDNA	dsDNA	reference_mapped	ICTV MSL41.v1 (2025)	https://ictv.global/msl
Alisviridae	DNA	DNA virus; dsDNA	dsDNA	reference_mapped	ICTV MSL41.v1 (2025)	https://ictv.global/msl
Aliusviridae	RNA	RNA virus; ssRNA(-)	ssRNA(-)	reference_mapped	ICTV MSL41.v1 (2025)	https://ictv.global/msl
Alloherpesviridae	DNA	DNA virus; dsDNA	dsDNA	reference_mapped	ICTV MSL41.v1 (2025)	https://ictv.global/msl
Allomimiviridae	DNA	DNA virus; dsDNA	dsDNA	reference_mapped	ICTV MSL41.v1 (2025)	https://ictv.global/msl
Alphaflexiviridae	RNA	RNA virus; ssRNA(+)	ssRNA(+)	reference_mapped	ICTV MSL41.v1 (2025)	https://ictv.global/msl
Alphagokushoviridae	DNA	DNA virus; ssDNA(+)	ssDNA(+)	reference_mapped	ICTV MSL41.v1 (2025)	https://ictv.global/msl
Alphaormycoviridae	RNA	RNA virus; ssRNA	ssRNA	reference_mapped	ICTV MSL41.v1 (2025)	https://ictv.global/msl
Alphasatellitidae	DNA	DNA virus; ssDNA; ssDNA(+); ssDNA(+/-)	ssDNA; ssDNA(+); ssDNA(+/-)	reference_mapped	ICTV MSL41.v1 (2025)	https://ictv.global/msl
Alphatetraviridae	RNA	RNA virus; ssRNA(+)	ssRNA(+)	reference_mapped	ICTV MSL41.v1 (2025)	https://ictv.global/msl
Alternaviridae	RNA	RNA virus; dsRNA	dsRNA	reference_mapped	ICTV MSL41.v1 (2025)	https://ictv.global/msl
Altumviridae	DNA	DNA virus; dsDNA	dsDNA	reference_mapped	ICTV MSL41.v1 (2025)	https://ictv.global/msl
Alvernaviridae	RNA	RNA virus; ssRNA(+)	ssRNA(+)	reference_mapped	ICTV MSL41.v1 (2025)	https://ictv.global/msl
Amalgaviridae	RNA	RNA virus; dsRNA	dsRNA	reference_mapped	ICTV MSL41.v1 (2025)	https://ictv.global/msl
Ambiguiviridae	RNA	RNA virus; ssRNA(+)	ssRNA(+)	reference_mapped	ICTV MSL41.v1 (2025)	https://ictv.global/msl
Amesuviridae	DNA	DNA virus; ssDNA(+/-)	ssDNA(+/-)	reference_mapped	ICTV MSL41.v1 (2025)	https://ictv.global/msl
Amnoonviridae	RNA	RNA virus; ssRNA(-)	ssRNA(-)	reference_mapped	ICTV MSL41.v1 (2025)	https://ictv.global/msl
Ampullaviridae	DNA	DNA virus; dsDNA	dsDNA	reference_mapped	ICTV MSL41.v1 (2025)	https://ictv.global/msl
Anaerodiviridae	DNA	DNA virus; dsDNA	dsDNA	reference_mapped	ICTV MSL41.v1 (2025)	https://ictv.global/msl
Anamaviridae	DNA	DNA virus; dsDNA	dsDNA	reference_mapped	ICTV MSL41.v1 (2025)	https://ictv.global/msl
Andersonviridae	DNA	DNA virus; dsDNA	dsDNA	reference_mapped	ICTV MSL41.v1 (2025)	https://ictv.global/msl
Anelloviridae	DNA	DNA virus; ssDNA(+/-); ssDNA(-)	ssDNA(+/-); ssDNA(-)	reference_mapped	ICTV MSL41.v1 (2025)	https://ictv.global/msl
Anicreviridae	DNA	DNA virus; ssDNA(+/-)	ssDNA(+/-)	reference_mapped	ICTV MSL41.v1 (2025)	https://ictv.global/msl
Aoguangviridae	DNA	DNA virus; dsDNA	dsDNA	reference_mapped	ICTV MSL41.v1 (2025)	https://ictv.global/msl
Apasviridae	DNA	DNA virus; dsDNA	dsDNA	reference_mapped	ICTV MSL41.v1 (2025)	https://ictv.global/msl
Arenaviridae	RNA	RNA virus; ssRNA(+/-); ssRNA(-)	ssRNA(+/-); ssRNA(-)	reference_mapped	ICTV MSL41.v1 (2025)	https://ictv.global/msl
Arenbergviridae	DNA	DNA virus; dsDNA	dsDNA	reference_mapped	ICTV MSL41.v1 (2025)	https://ictv.global/msl
Armatusviridae	DNA	DNA virus; dsDNA	dsDNA	reference_mapped	ICTV MSL41.v1 (2025)	https://ictv.global/msl
Arteriviridae	RNA	RNA virus; ssRNA(+)	ssRNA(+)	reference_mapped	ICTV MSL41.v1 (2025)	https://ictv.global/msl
Artiviridae	RNA	RNA virus; dsRNA	dsRNA	reference_mapped	ICTV MSL41.v1 (2025)	https://ictv.global/msl
Artoviridae	RNA	RNA virus; ssRNA(-)	ssRNA(-)	reference_mapped	ICTV MSL41.v1 (2025)	https://ictv.global/msl
Ascoviridae	DNA	DNA virus; dsDNA	dsDNA	reference_mapped	ICTV MSL41.v1 (2025)	https://ictv.global/msl
Asemoviridae	DNA	DNA virus; dsDNA	dsDNA	reference_mapped	ICTV MSL41.v1 (2025)	https://ictv.global/msl
Asfarviridae	DNA	DNA virus; dsDNA	dsDNA	reference_mapped	ICTV MSL41.v1 (2025)	https://ictv.global/msl
Aspiviridae	RNA	RNA virus; ssRNA(-)	ssRNA(-)	reference_mapped	ICTV MSL41.v1 (2025)	https://ictv.global/msl
Assalcaviridae	DNA	DNA virus; dsDNA	dsDNA	reference_mapped	ICTV MSL41.v1 (2025)	https://ictv.global/msl
Assiduviridae	DNA	DNA virus; dsDNA	dsDNA	reference_mapped	ICTV MSL41.v1 (2025)	https://ictv.global/msl
Astroviridae	RNA	RNA virus; ssRNA(+)	ssRNA(+)	reference_mapped	ICTV MSL41.v1 (2025)	https://ictv.global/msl
Atkinsviridae	RNA	RNA virus; ssRNA(+)	ssRNA(+)	reference_mapped	ICTV MSL41.v1 (2025)	https://ictv.global/msl
Autolykiviridae	DNA	DNA virus; dsDNA	dsDNA	reference_mapped	ICTV MSL41.v1 (2025)	https://ictv.global/msl
Autonotataviridae	DNA	DNA virus; dsDNA	dsDNA	reference_mapped	ICTV MSL41.v1 (2025)	https://ictv.global/msl
Autoscriptoviridae	DNA	DNA virus; dsDNA	dsDNA	reference_mapped	ICTV MSL41.v1 (2025)	https://ictv.global/msl
Autosignataviridae	DNA	DNA virus; dsDNA	dsDNA	reference_mapped	ICTV MSL41.v1 (2025)	https://ictv.global/msl
Autotranscriptaviridae	DNA	DNA virus; dsDNA	dsDNA	reference_mapped	ICTV MSL41.v1 (2025)	https://ictv.global/msl
Avsunviroidae	RNA	RNA virus; ssRNA	ssRNA	reference_mapped	ICTV MSL41.v1 (2025)	https://ictv.global/msl
Bacilladnaviridae	DNA	DNA virus; ssDNA(+/-)	ssDNA(+/-)	reference_mapped	ICTV MSL41.v1 (2025)	https://ictv.global/msl
Baculoviridae	DNA	DNA virus; dsDNA	dsDNA	reference_mapped	ICTV MSL41.v1 (2025)	https://ictv.global/msl
Barnaviridae	RNA	RNA virus; ssRNA(+)	ssRNA(+)	reference_mapped	ICTV MSL41.v1 (2025)	https://ictv.global/msl
Bartogtaviriformidae	DNA	DNA virus; dsDNA	dsDNA	reference_mapped	ICTV MSL41.v1 (2025)	https://ictv.global/msl
Basaltiviridae	DNA	DNA virus; dsDNA	dsDNA	reference_mapped	ICTV MSL41.v1 (2025)	https://ictv.global/msl
Belpaoviridae	RT	Reverse-transcribing virus; ssRNA-RT	ssRNA-RT	reference_mapped	ICTV MSL41.v1 (2025)	https://ictv.global/msl
Benyviridae	RNA	RNA virus; ssRNA(+)	ssRNA(+)	reference_mapped	ICTV MSL41.v1 (2025)	https://ictv.global/msl
Berryhillviridae	DNA	DNA virus; dsDNA	dsDNA	reference_mapped	ICTV MSL41.v1 (2025)	https://ictv.global/msl
Betaflexiviridae	RNA	RNA virus; ssRNA(+)	ssRNA(+)	reference_mapped	ICTV MSL41.v1 (2025)	https://ictv.global/msl
Betagokushoviridae	DNA	DNA virus; ssDNA(+)	ssDNA(+)	reference_mapped	ICTV MSL41.v1 (2025)	https://ictv.global/msl
Betaormycoviridae	RNA	RNA virus; ssRNA	ssRNA	reference_mapped	ICTV MSL41.v1 (2025)	https://ictv.global/msl
Bicaudaviridae	DNA	DNA virus; dsDNA	dsDNA	reference_mapped	ICTV MSL41.v1 (2025)	https://ictv.global/msl
Bidnaviridae	DNA	DNA virus; ssDNA(+/-)	ssDNA(+/-)	reference_mapped	ICTV MSL41.v1 (2025)	https://ictv.global/msl
Birnaviridae	RNA	RNA virus; dsRNA	dsRNA	reference_mapped	ICTV MSL41.v1 (2025)	https://ictv.global/msl
Blefusviridae	DNA	DNA virus; dsDNA	dsDNA	reference_mapped	ICTV MSL41.v1 (2025)	https://ictv.global/msl
Blumeviridae	RNA	RNA virus; ssRNA(+)	ssRNA(+)	reference_mapped	ICTV MSL41.v1 (2025)	https://ictv.global/msl
Bornaviridae	RNA	RNA virus; ssRNA(-)	ssRNA(-)	reference_mapped	ICTV MSL41.v1 (2025)	https://ictv.global/msl
Botourmiaviridae	RNA	RNA virus; ssRNA(+)	ssRNA(+)	reference_mapped	ICTV MSL41.v1 (2025)	https://ictv.global/msl
Botybirnaviridae	RNA	RNA virus; dsRNA	dsRNA	reference_mapped	ICTV MSL41.v1 (2025)	https://ictv.global/msl
Brachygtaviriformidae	DNA	DNA virus; dsDNA	dsDNA	reference_mapped	ICTV MSL41.v1 (2025)	https://ictv.global/msl
Bromoviridae	RNA	RNA virus; ssRNA(+)	ssRNA(+)	reference_mapped	ICTV MSL41.v1 (2025)	https://ictv.global/msl
Buchnerviridae	DNA	DNA virus; dsDNA	dsDNA	reference_mapped	ICTV MSL41.v1 (2025)	https://ictv.global/msl
Burtonviroviridae	DNA	DNA virus; dsDNA	dsDNA	reference_mapped	ICTV MSL41.v1 (2025)	https://ictv.global/msl
Caliciviridae	RNA	RNA virus; ssRNA(+)	ssRNA(+)	reference_mapped	ICTV MSL41.v1 (2025)	https://ictv.global/msl
Carmotetraviridae	RNA	RNA virus; ssRNA(+)	ssRNA(+)	reference_mapped	ICTV MSL41.v1 (2025)	https://ictv.global/msl
Casidaviridae	DNA	DNA virus; dsDNA	dsDNA	reference_mapped	ICTV MSL41.v1 (2025)	https://ictv.global/msl
Casjensviridae	DNA	DNA virus; dsDNA	dsDNA	reference_mapped	ICTV MSL41.v1 (2025)	https://ictv.global/msl
Caulimoviridae	MIXED	Family-level genome heterogeneity; dsDNA; dsDNA-RT	dsDNA; dsDNA-RT	review_required	ICTV MSL41.v1 (2025)	https://ictv.global/msl
Chaacviridae	DNA	DNA virus; dsDNA	dsDNA	reference_mapped	ICTV MSL41.v1 (2025)	https://ictv.global/msl
Chaseviridae	DNA	DNA virus; dsDNA	dsDNA	reference_mapped	ICTV MSL41.v1 (2025)	https://ictv.global/msl
Chicoviridae	DNA	DNA virus; ssDNA(+)	ssDNA(+)	reference_mapped	ICTV MSL41.v1 (2025)	https://ictv.global/msl
Chimalliviridae	DNA	DNA virus; dsDNA	dsDNA	reference_mapped	ICTV MSL41.v1 (2025)	https://ictv.global/msl
Chiyouviridae	DNA	DNA virus; dsDNA	dsDNA	reference_mapped	ICTV MSL41.v1 (2025)	https://ictv.global/msl
Chrysoviridae	RNA	RNA virus; dsRNA	dsRNA	reference_mapped	ICTV MSL41.v1 (2025)	https://ictv.global/msl
Chuviridae	RNA	RNA virus; ssRNA(-)	ssRNA(-)	reference_mapped	ICTV MSL41.v1 (2025)	https://ictv.global/msl
Circoviridae	DNA	DNA virus; ssDNA; ssDNA(+/-)	ssDNA; ssDNA(+/-)	reference_mapped	ICTV MSL41.v1 (2025)	https://ictv.global/msl
Clavaviridae	DNA	DNA virus; dsDNA	dsDNA	reference_mapped	ICTV MSL41.v1 (2025)	https://ictv.global/msl
Clermontviridae	DNA	DNA virus; dsDNA	dsDNA	reference_mapped	ICTV MSL41.v1 (2025)	https://ictv.global/msl
Closteroviridae	RNA	RNA virus; ssRNA(+)	ssRNA(+)	reference_mapped	ICTV MSL41.v1 (2025)	https://ictv.global/msl
Colingsworthviridae	DNA	DNA virus; dsDNA	dsDNA	reference_mapped	ICTV MSL41.v1 (2025)	https://ictv.global/msl
Connertonviridae	DNA	DNA virus; dsDNA	dsDNA	reference_mapped	ICTV MSL41.v1 (2025)	https://ictv.global/msl
Coronaviridae	RNA	RNA virus; ssRNA(+)	ssRNA(+)	reference_mapped	ICTV MSL41.v1 (2025)	https://ictv.global/msl
Corticoviridae	DNA	DNA virus; dsDNA	dsDNA	reference_mapped	ICTV MSL41.v1 (2025)	https://ictv.global/msl
Cremegaviridae	RNA	RNA virus; ssRNA(+)	ssRNA(+)	reference_mapped	ICTV MSL41.v1 (2025)	https://ictv.global/msl
Crepuscuviridae	RNA	RNA virus; ssRNA(-)	ssRNA(-)	reference_mapped	ICTV MSL41.v1 (2025)	https://ictv.global/msl
Crevaviridae	DNA	DNA virus; dsDNA	dsDNA	reference_mapped	ICTV MSL41.v1 (2025)	https://ictv.global/msl
Cruliviridae	RNA	RNA virus; ssRNA(-)	ssRNA(-)	reference_mapped	ICTV MSL41.v1 (2025)	https://ictv.global/msl
Curvulaviridae	RNA	RNA virus; dsRNA	dsRNA	reference_mapped	ICTV MSL41.v1 (2025)	https://ictv.global/msl
Cystoviridae	RNA	RNA virus; dsRNA	dsRNA	reference_mapped	ICTV MSL41.v1 (2025)	https://ictv.global/msl
Dallocaviridae	DNA	DNA virus; dsDNA	dsDNA	reference_mapped	ICTV MSL41.v1 (2025)	https://ictv.global/msl
Danacaviridae	DNA	DNA virus; dsDNA	dsDNA	reference_mapped	ICTV MSL41.v1 (2025)	https://ictv.global/msl
Darmviridae	DNA	DNA virus; dsDNA	dsDNA	reference_mapped	ICTV MSL41.v1 (2025)	https://ictv.global/msl
Deltaflexiviridae	RNA	RNA virus; ssRNA(+)	ssRNA(+)	reference_mapped	ICTV MSL41.v1 (2025)	https://ictv.global/msl
Deltaormycoviridae	RNA	RNA virus; ssRNA	ssRNA	reference_mapped	ICTV MSL41.v1 (2025)	https://ictv.global/msl
Demerecviridae	DNA	DNA virus; dsDNA	dsDNA	reference_mapped	ICTV MSL41.v1 (2025)	https://ictv.global/msl
Dicistroviridae	RNA	RNA virus; ssRNA(+)	ssRNA(+)	reference_mapped	ICTV MSL41.v1 (2025)	https://ictv.global/msl
Discoviridae	RNA	RNA virus; ssRNA(-)	ssRNA(-)	reference_mapped	ICTV MSL41.v1 (2025)	https://ictv.global/msl
Dishuiviroviridae	DNA	DNA virus; dsDNA	dsDNA	reference_mapped	ICTV MSL41.v1 (2025)	https://ictv.global/msl
Draupnirviridae	DNA	DNA virus; ssDNA(+/-)	ssDNA(+/-)	reference_mapped	ICTV MSL41.v1 (2025)	https://ictv.global/msl
Drexlerviridae	DNA	DNA virus; dsDNA	dsDNA	reference_mapped	ICTV MSL41.v1 (2025)	https://ictv.global/msl
Druskaviridae	DNA	DNA virus; dsDNA	dsDNA	reference_mapped	ICTV MSL41.v1 (2025)	https://ictv.global/msl
Duinviridae	RNA	RNA virus; ssRNA(+)	ssRNA(+)	reference_mapped	ICTV MSL41.v1 (2025)	https://ictv.global/msl
Dumbiviridae	RNA	RNA virus; ssRNA(+/-)	ssRNA(+/-)	reference_mapped	ICTV MSL41.v1 (2025)	https://ictv.global/msl
Duneviridae	DNA	DNA virus; dsDNA	dsDNA	reference_mapped	ICTV MSL41.v1 (2025)	https://ictv.global/msl
Ehrlichviridae	DNA	DNA virus; dsDNA	dsDNA	reference_mapped	ICTV MSL41.v1 (2025)	https://ictv.global/msl
Ekchuahviridae	DNA	DNA virus; dsDNA	dsDNA	reference_mapped	ICTV MSL41.v1 (2025)	https://ictv.global/msl
Endolinaviridae	DNA	DNA virus; ssDNA(+/-)	ssDNA(+/-)	reference_mapped	ICTV MSL41.v1 (2025)	https://ictv.global/msl
Endornaviridae	RNA	RNA virus; ssRNA(+)	ssRNA(+)	reference_mapped	ICTV MSL41.v1 (2025)	https://ictv.global/msl
Epsomviridae	DNA	DNA virus; dsDNA	dsDNA	reference_mapped	ICTV MSL41.v1 (2025)	https://ictv.global/msl
Eubullaviridae	DNA	DNA virus; ssDNA(+)	ssDNA(+)	reference_mapped	ICTV MSL41.v1 (2025)	https://ictv.global/msl
Eupolintoviridae	DNA	DNA virus; dsDNA	dsDNA	reference_mapped	ICTV MSL41.v1 (2025)	https://ictv.global/msl
Eurekaviridae	DNA	DNA virus; dsDNA	dsDNA	reference_mapped	ICTV MSL41.v1 (2025)	https://ictv.global/msl
Euroniviridae	RNA	RNA virus; ssRNA(+)	ssRNA(+)	reference_mapped	ICTV MSL41.v1 (2025)	https://ictv.global/msl
Felixviridae	DNA	DNA virus; dsDNA	dsDNA	reference_mapped	ICTV MSL41.v1 (2025)	https://ictv.global/msl
Fervensviridae	DNA	DNA virus; dsDNA	dsDNA	reference_mapped	ICTV MSL41.v1 (2025)	https://ictv.global/msl
Fiersviridae	RNA	RNA virus; ssRNA(+)	ssRNA(+)	reference_mapped	ICTV MSL41.v1 (2025)	https://ictv.global/msl
Filamentoviridae	DNA	DNA virus; dsDNA	dsDNA	reference_mapped	ICTV MSL41.v1 (2025)	https://ictv.global/msl
Filoviridae	RNA	RNA virus; ssRNA(-)	ssRNA(-)	reference_mapped	ICTV MSL41.v1 (2025)	https://ictv.global/msl
Fimoviridae	RNA	RNA virus; ssRNA(-)	ssRNA(-)	reference_mapped	ICTV MSL41.v1 (2025)	https://ictv.global/msl
Finnlakeviridae	DNA	DNA virus; ssDNA	ssDNA	reference_mapped	ICTV MSL41.v1 (2025)	https://ictv.global/msl
Flaviviridae	RNA	RNA virus; ssRNA(+)	ssRNA(+)	reference_mapped	ICTV MSL41.v1 (2025)	https://ictv.global/msl
Forsetiviridae	DNA	DNA virus; dsDNA	dsDNA	reference_mapped	ICTV MSL41.v1 (2025)	https://ictv.global/msl
Fredfastierviridae	DNA	DNA virus; dsDNA	dsDNA	reference_mapped	ICTV MSL41.v1 (2025)	https://ictv.global/msl
Fusagraviridae	RNA	RNA virus; dsRNA	dsRNA	reference_mapped	ICTV MSL41.v1 (2025)	https://ictv.global/msl
Fusariviridae	RNA	RNA virus; ssRNA(+)	ssRNA(+)	reference_mapped	ICTV MSL41.v1 (2025)	https://ictv.global/msl
Fuselloviridae	DNA	DNA virus; dsDNA	dsDNA	reference_mapped	ICTV MSL41.v1 (2025)	https://ictv.global/msl
Fuxiviridae	DNA	DNA virus; dsDNA	dsDNA	reference_mapped	ICTV MSL41.v1 (2025)	https://ictv.global/msl
Gammaflexiviridae	RNA	RNA virus; ssRNA(+)	ssRNA(+)	reference_mapped	ICTV MSL41.v1 (2025)	https://ictv.global/msl
Gammaormycoviridae	RNA	RNA virus; ssRNA	ssRNA	reference_mapped	ICTV MSL41.v1 (2025)	https://ictv.global/msl
Gandrviridae	DNA	DNA virus; ssDNA(+/-)	ssDNA(+/-)	reference_mapped	ICTV MSL41.v1 (2025)	https://ictv.global/msl
Geminiviridae	DNA	DNA virus; ssDNA; ssDNA(+/-)	ssDNA; ssDNA(+/-)	reference_mapped	ICTV MSL41.v1 (2025)	https://ictv.global/msl
Genomoviridae	DNA	DNA virus; ssDNA(+/-)	ssDNA(+/-)	reference_mapped	ICTV MSL41.v1 (2025)	https://ictv.global/msl
Geplanaviridae	DNA	DNA virus; ssDNA(+/-)	ssDNA(+/-)	reference_mapped	ICTV MSL41.v1 (2025)	https://ictv.global/msl
Giardiaviridae	RNA	RNA virus; dsRNA	dsRNA	reference_mapped	ICTV MSL41.v1 (2025)	https://ictv.global/msl
Globuloviridae	DNA	DNA virus; dsDNA	dsDNA	reference_mapped	ICTV MSL41.v1 (2025)	https://ictv.global/msl
Graaviviridae	DNA	DNA virus; dsDNA	dsDNA	reference_mapped	ICTV MSL41.v1 (2025)	https://ictv.global/msl
Gresnaviridae	RNA	RNA virus; ssRNA(+)	ssRNA(+)	reference_mapped	ICTV MSL41.v1 (2025)	https://ictv.global/msl
Grimontviridae	DNA	DNA virus; dsDNA	dsDNA	reference_mapped	ICTV MSL41.v1 (2025)	https://ictv.global/msl
Groupodiviridae	DNA	DNA virus; ssDNA(+)	ssDNA(+)	reference_mapped	ICTV MSL41.v1 (2025)	https://ictv.global/msl
Guelinviridae	DNA	DNA virus; dsDNA	dsDNA	reference_mapped	ICTV MSL41.v1 (2025)	https://ictv.global/msl
Gulliviridae	DNA	DNA virus; dsDNA	dsDNA	reference_mapped	ICTV MSL41.v1 (2025)	https://ictv.global/msl
Gulliviroviridae	DNA	DNA virus; dsDNA	dsDNA	reference_mapped	ICTV MSL41.v1 (2025)	https://ictv.global/msl
Guttaviridae	DNA	DNA virus; dsDNA	dsDNA	reference_mapped	ICTV MSL41.v1 (2025)	https://ictv.global/msl
Hadakaviridae	RNA	RNA virus; ssRNA(+)	ssRNA(+)	reference_mapped	ICTV MSL41.v1 (2025)	https://ictv.global/msl
Hafunaviridae	DNA	DNA virus; dsDNA	dsDNA	reference_mapped	ICTV MSL41.v1 (2025)	https://ictv.global/msl
Hakuzoviridae	RNA	RNA virus; ssRNA	ssRNA	reference_mapped	ICTV MSL41.v1 (2025)	https://ictv.global/msl
Halicoviridae	DNA	DNA virus; dsDNA	dsDNA	reference_mapped	ICTV MSL41.v1 (2025)	https://ictv.global/msl
Haloferuviridae	DNA	DNA virus; dsDNA	dsDNA	reference_mapped	ICTV MSL41.v1 (2025)	https://ictv.global/msl
Halomagnusviridae	DNA	DNA virus; dsDNA	dsDNA	reference_mapped	ICTV MSL41.v1 (2025)	https://ictv.global/msl
Halspiviridae	DNA	DNA virus; dsDNA	dsDNA	reference_mapped	ICTV MSL41.v1 (2025)	https://ictv.global/msl
Hantaviridae	RNA	RNA virus; ssRNA(-)	ssRNA(-)	reference_mapped	ICTV MSL41.v1 (2025)	https://ictv.global/msl
Helgolandviridae	DNA	DNA virus; dsDNA	dsDNA	reference_mapped	ICTV MSL41.v1 (2025)	https://ictv.global/msl
Hepaciviridae	RNA	RNA virus; ssRNA(+)	ssRNA(+)	reference_mapped	ICTV MSL41.v1 (2025)	https://ictv.global/msl
Hepadnaviridae	RT	Reverse-transcribing virus; dsDNA-RT	dsDNA-RT	reference_mapped	ICTV MSL41.v1 (2025)	https://ictv.global/msl
Hepeviridae	RNA	RNA virus; ssRNA(+); ssRNA(+/-)	ssRNA(+); ssRNA(+/-)	reference_mapped	ICTV MSL41.v1 (2025)	https://ictv.global/msl
Herelleviridae	DNA	DNA virus; dsDNA	dsDNA	reference_mapped	ICTV MSL41.v1 (2025)	https://ictv.global/msl
Hirszfeldviridae	DNA	DNA virus; dsDNA	dsDNA	reference_mapped	ICTV MSL41.v1 (2025)	https://ictv.global/msl
Hodgkinviridae	DNA	DNA virus; dsDNA	dsDNA	reference_mapped	ICTV MSL41.v1 (2025)	https://ictv.global/msl
Huangdiviridae	DNA	DNA virus; dsDNA	dsDNA	reference_mapped	ICTV MSL41.v1 (2025)	https://ictv.global/msl
Hydriviridae	DNA	DNA virus; dsDNA	dsDNA	reference_mapped	ICTV MSL41.v1 (2025)	https://ictv.global/msl
Hypoviridae	RNA	RNA virus; ssRNA(+)	ssRNA(+)	reference_mapped	ICTV MSL41.v1 (2025)	https://ictv.global/msl
Hytrosaviridae	DNA	DNA virus; dsDNA	dsDNA	reference_mapped	ICTV MSL41.v1 (2025)	https://ictv.global/msl
Iflaviridae	RNA	RNA virus; ssRNA(+)	ssRNA(+)	reference_mapped	ICTV MSL41.v1 (2025)	https://ictv.global/msl
Infernusviridae	DNA	DNA virus; dsDNA	dsDNA	reference_mapped	ICTV MSL41.v1 (2025)	https://ictv.global/msl
Inoviridae	DNA	DNA virus; ssDNA; ssDNA(+); ssDNA(+/-)	ssDNA; ssDNA(+); ssDNA(+/-)	reference_mapped	ICTV MSL41.v1 (2025)	https://ictv.global/msl
Inseviridae	RNA	RNA virus; dsRNA	dsRNA	reference_mapped	ICTV MSL41.v1 (2025)	https://ictv.global/msl
Intestiviridae	DNA	DNA virus; dsDNA	dsDNA	reference_mapped	ICTV MSL41.v1 (2025)	https://ictv.global/msl
Iridoviridae	DNA	DNA virus; dsDNA	dsDNA	reference_mapped	ICTV MSL41.v1 (2025)	https://ictv.global/msl
Itzamnaviridae	DNA	DNA virus; dsDNA	dsDNA	reference_mapped	ICTV MSL41.v1 (2025)	https://ictv.global/msl
Jasonviridae	DNA	DNA virus; dsDNA	dsDNA	reference_mapped	ICTV MSL41.v1 (2025)	https://ictv.global/msl
Jeanschmidtviridae	DNA	DNA virus; dsDNA	dsDNA	reference_mapped	ICTV MSL41.v1 (2025)	https://ictv.…1625 tokens truncated…us; ssRNA(-)	ssRNA(-)	reference_mapped	ICTV MSL41.v1 (2025)	https://ictv.global/msl
Mypoviridae	RNA	RNA virus; ssRNA(-)	ssRNA(-)	reference_mapped	ICTV MSL41.v1 (2025)	https://ictv.global/msl
Myriaviridae	RNA	RNA virus; ssRNA(-)	ssRNA(-)	reference_mapped	ICTV MSL41.v1 (2025)	https://ictv.global/msl
Nairoviridae	RNA	RNA virus; ssRNA(-)	ssRNA(-)	reference_mapped	ICTV MSL41.v1 (2025)	https://ictv.global/msl
Nanghoshaviridae	RNA	RNA virus; ssRNA(+)	ssRNA(+)	reference_mapped	ICTV MSL41.v1 (2025)	https://ictv.global/msl
Nanhypoviridae	RNA	RNA virus; ssRNA(+)	ssRNA(+)	reference_mapped	ICTV MSL41.v1 (2025)	https://ictv.global/msl
Nanicoviridae	DNA	DNA virus; dsDNA	dsDNA	reference_mapped	ICTV MSL41.v1 (2025)	https://ictv.global/msl
Nanopleoviridae	DNA	DNA virus; dsDNA	dsDNA	reference_mapped	ICTV MSL41.v1 (2025)	https://ictv.global/msl
Nanoviridae	DNA	DNA virus; ssDNA(+)	ssDNA(+)	reference_mapped	ICTV MSL41.v1 (2025)	https://ictv.global/msl
Naomviridae	DNA	DNA virus; dsDNA	dsDNA	reference_mapped	ICTV MSL41.v1 (2025)	https://ictv.global/msl
Narnaviridae	RNA	RNA virus; ssRNA(+)	ssRNA(+)	reference_mapped	ICTV MSL41.v1 (2025)	https://ictv.global/msl
Naryaviridae	DNA	DNA virus; ssDNA(+); ssDNA(+/-)	ssDNA(+); ssDNA(+/-)	reference_mapped	ICTV MSL41.v1 (2025)	https://ictv.global/msl
Natareviridae	RNA	RNA virus; ssRNA(-)	ssRNA(-)	reference_mapped	ICTV MSL41.v1 (2025)	https://ictv.global/msl
Nenyaviridae	DNA	DNA virus; ssDNA(+)	ssDNA(+)	reference_mapped	ICTV MSL41.v1 (2025)	https://ictv.global/msl
Nimaviridae	DNA	DNA virus; dsDNA	dsDNA	reference_mapped	ICTV MSL41.v1 (2025)	https://ictv.global/msl
Nipumfusiviridae	DNA	DNA virus; dsDNA; ssDNA	dsDNA; ssDNA	reference_mapped	ICTV MSL41.v1 (2025)	https://ictv.global/msl
Nixviridae	DNA	DNA virus; dsDNA	dsDNA	reference_mapped	ICTV MSL41.v1 (2025)	https://ictv.global/msl
Nodaviridae	RNA	RNA virus; ssRNA(+)	ssRNA(+)	reference_mapped	ICTV MSL41.v1 (2025)	https://ictv.global/msl
Noraviridae	RNA	RNA virus; ssRNA(+)	ssRNA(+)	reference_mapped	ICTV MSL41.v1 (2025)	https://ictv.global/msl
Nudiviridae	DNA	DNA virus; dsDNA	dsDNA	reference_mapped	ICTV MSL41.v1 (2025)	https://ictv.global/msl
Nyamiviridae	RNA	RNA virus; ssRNA(-)	ssRNA(-)	reference_mapped	ICTV MSL41.v1 (2025)	https://ictv.global/msl
Obscuriviridae	DNA	DNA virus; ssDNA	ssDNA	reference_mapped	ICTV MSL41.v1 (2025)	https://ictv.global/msl
Occultatumviridae	DNA	DNA virus; ssDNA(+)	ssDNA(+)	reference_mapped	ICTV MSL41.v1 (2025)	https://ictv.global/msl
Olifoviridae	RNA	RNA virus; ssRNA(+)	ssRNA(+)	reference_mapped	ICTV MSL41.v1 (2025)	https://ictv.global/msl
Omnilimnoviroviridae	DNA	DNA virus; dsDNA	dsDNA	reference_mapped	ICTV MSL41.v1 (2025)	https://ictv.global/msl
Oomyviridae	DNA	DNA virus; ssDNA	ssDNA	reference_mapped	ICTV MSL41.v1 (2025)	https://ictv.global/msl
Ootiviridae	RNA	RNA virus; dsRNA	dsRNA	reference_mapped	ICTV MSL41.v1 (2025)	https://ictv.global/msl
Orlajensenviridae	DNA	DNA virus; dsDNA	dsDNA	reference_mapped	ICTV MSL41.v1 (2025)	https://ictv.global/msl
Orpheoviridae	DNA	DNA virus; dsDNA	dsDNA	reference_mapped	ICTV MSL41.v1 (2025)	https://ictv.global/msl
Orthoherpesviridae	DNA	DNA virus; dsDNA	dsDNA	reference_mapped	ICTV MSL41.v1 (2025)	https://ictv.global/msl
Orthomyxoviridae	RNA	RNA virus; ssRNA(-)	ssRNA(-)	reference_mapped	ICTV MSL41.v1 (2025)	https://ictv.global/msl
Orthototiviridae	RNA	RNA virus; dsRNA	dsRNA	reference_mapped	ICTV MSL41.v1 (2025)	https://ictv.global/msl
Osikeviridae	DNA	DNA virus; ssDNA(+)	ssDNA(+)	reference_mapped	ICTV MSL41.v1 (2025)	https://ictv.global/msl
Ourmiaviridae	RNA	RNA virus; ssRNA(+)	ssRNA(+)	reference_mapped	ICTV MSL41.v1 (2025)	https://ictv.global/msl
Ouroboviridae	DNA	DNA virus; ssDNA(+/-)	ssDNA(+/-)	reference_mapped	ICTV MSL41.v1 (2025)	https://ictv.global/msl
Ovaliviridae	DNA	DNA virus; dsDNA	dsDNA	reference_mapped	ICTV MSL41.v1 (2025)	https://ictv.global/msl
Pachyviridae	DNA	DNA virus; dsDNA	dsDNA	reference_mapped	ICTV MSL41.v1 (2025)	https://ictv.global/msl
Pamosaviridae	RNA	RNA virus; ssRNA(+)	ssRNA(+)	reference_mapped	ICTV MSL41.v1 (2025)	https://ictv.global/msl
Papillomaviridae	DNA	DNA virus; dsDNA	dsDNA	reference_mapped	ICTV MSL41.v1 (2025)	https://ictv.global/msl
Parahypoviridae	RNA	RNA virus; ssRNA(+)	ssRNA(+)	reference_mapped	ICTV MSL41.v1 (2025)	https://ictv.global/msl
Paramyxoviridae	RNA	RNA virus; ssRNA(-)	ssRNA(-)	reference_mapped	ICTV MSL41.v1 (2025)	https://ictv.global/msl
Parnassusviridae	DNA	DNA virus; dsDNA	dsDNA	reference_mapped	ICTV MSL41.v1 (2025)	https://ictv.global/msl
Partitiviridae	RNA	RNA virus; dsRNA	dsRNA	reference_mapped	ICTV MSL41.v1 (2025)	https://ictv.global/msl
Parvoviridae	DNA	DNA virus; ssDNA; ssDNA(+/-)	ssDNA; ssDNA(+/-)	reference_mapped	ICTV MSL41.v1 (2025)	https://ictv.global/msl
Paulinoviridae	DNA	DNA virus; ssDNA(+)	ssDNA(+)	reference_mapped	ICTV MSL41.v1 (2025)	https://ictv.global/msl
Pecoviridae	DNA	DNA virus; ssDNA(+/-)	ssDNA(+/-)	reference_mapped	ICTV MSL41.v1 (2025)	https://ictv.global/msl
Peduoviridae	DNA	DNA virus; dsDNA	dsDNA	reference_mapped	ICTV MSL41.v1 (2025)	https://ictv.global/msl
Pequenoviridae	DNA	DNA virus; ssDNA(+)	ssDNA(+)	reference_mapped	ICTV MSL41.v1 (2025)	https://ictv.global/msl
Peribunyaviridae	RNA	RNA virus; ssRNA(-)	ssRNA(-)	reference_mapped	ICTV MSL41.v1 (2025)	https://ictv.global/msl
Permutotetraviridae	RNA	RNA virus; ssRNA(+)	ssRNA(+)	reference_mapped	ICTV MSL41.v1 (2025)	https://ictv.global/msl
Pervagoviridae	DNA	DNA virus; dsDNA	dsDNA	reference_mapped	ICTV MSL41.v1 (2025)	https://ictv.global/msl
Pestiviridae	RNA	RNA virus; ssRNA(+)	ssRNA(+)	reference_mapped	ICTV MSL41.v1 (2025)	https://ictv.global/msl
Phasmaviridae	RNA	RNA virus; ssRNA; ssRNA(-)	ssRNA; ssRNA(-)	reference_mapped	ICTV MSL41.v1 (2025)	https://ictv.global/msl
Phenuiviridae	RNA	RNA virus; ssRNA(+/-); ssRNA(-)	ssRNA(+/-); ssRNA(-)	reference_mapped	ICTV MSL41.v1 (2025)	https://ictv.global/msl
Phlegiviridae	RNA	RNA virus; dsRNA	dsRNA	reference_mapped	ICTV MSL41.v1 (2025)	https://ictv.global/msl
Phycodnaviridae	DNA	DNA virus; dsDNA	dsDNA	reference_mapped	ICTV MSL41.v1 (2025)	https://ictv.global/msl
Phypoliviridae	DNA	DNA virus; dsDNA	dsDNA	reference_mapped	ICTV MSL41.v1 (2025)	https://ictv.global/msl
Piccoloviridae	DNA	DNA virus; ssDNA(+)	ssDNA(+)	reference_mapped	ICTV MSL41.v1 (2025)	https://ictv.global/msl
Pichoviridae	DNA	DNA virus; ssDNA(+)	ssDNA(+)	reference_mapped	ICTV MSL41.v1 (2025)	https://ictv.global/msl
Picobirnaviridae	RNA	RNA virus; dsRNA	dsRNA	reference_mapped	ICTV MSL41.v1 (2025)	https://ictv.global/msl
Picornaviridae	RNA	RNA virus; ssRNA(+)	ssRNA(+)	reference_mapped	ICTV MSL41.v1 (2025)	https://ictv.global/msl
Pieniviridae	DNA	DNA virus; ssDNA(+)	ssDNA(+)	reference_mapped	ICTV MSL41.v1 (2025)	https://ictv.global/msl
Pigerviridae	DNA	DNA virus; dsDNA	dsDNA	reference_mapped	ICTV MSL41.v1 (2025)	https://ictv.global/msl
Pikkuviridae	DNA	DNA virus; ssDNA(+)	ssDNA(+)	reference_mapped	ICTV MSL41.v1 (2025)	https://ictv.global/msl
Pistolviridae	RNA	RNA virus; dsRNA	dsRNA	reference_mapped	ICTV MSL41.v1 (2025)	https://ictv.global/msl
Pithoviridae	DNA	DNA virus; dsDNA	dsDNA	reference_mapped	ICTV MSL41.v1 (2025)	https://ictv.global/msl
Piticuviridae	DNA	DNA virus; ssDNA(+)	ssDNA(+)	reference_mapped	ICTV MSL41.v1 (2025)	https://ictv.global/msl
Pituviridae	DNA	DNA virus; dsDNA	dsDNA	reference_mapped	ICTV MSL41.v1 (2025)	https://ictv.global/msl
Plasmaviridae	DNA	DNA virus; dsDNA	dsDNA	reference_mapped	ICTV MSL41.v1 (2025)	https://ictv.global/msl
Plectroviridae	DNA	DNA virus; ssDNA(+)	ssDNA(+)	reference_mapped	ICTV MSL41.v1 (2025)	https://ictv.global/msl
Pleolipoviridae	DNA	DNA virus; dsDNA; ssDNA; ssDNA(+/-)	dsDNA; ssDNA; ssDNA(+/-)	reference_mapped	ICTV MSL41.v1 (2025)	https://ictv.global/msl
Pneumoviridae	RNA	RNA virus; ssRNA(-)	ssRNA(-)	reference_mapped	ICTV MSL41.v1 (2025)	https://ictv.global/msl
Polycipiviridae	RNA	RNA virus; ssRNA(+)	ssRNA(+)	reference_mapped	ICTV MSL41.v1 (2025)	https://ictv.global/msl
Polydnaviriformidae	DNA	DNA virus; dsDNA	dsDNA	reference_mapped	ICTV MSL41.v1 (2025)	https://ictv.global/msl
Polymycoviridae	RNA	RNA virus; dsRNA	dsRNA	reference_mapped	ICTV MSL41.v1 (2025)	https://ictv.global/msl
Polyomaviridae	DNA	DNA virus; dsDNA	dsDNA	reference_mapped	ICTV MSL41.v1 (2025)	https://ictv.global/msl
Pootjesviridae	DNA	DNA virus; dsDNA	dsDNA	reference_mapped	ICTV MSL41.v1 (2025)	https://ictv.global/msl
Portogloboviridae	DNA	DNA virus; dsDNA	dsDNA	reference_mapped	ICTV MSL41.v1 (2025)	https://ictv.global/msl
Pospiviroidae	RNA	RNA virus; ssRNA	ssRNA	reference_mapped	ICTV MSL41.v1 (2025)	https://ictv.global/msl
Potyliviridae	RNA	RNA virus; ssRNA(+)	ssRNA(+)	reference_mapped	ICTV MSL41.v1 (2025)	https://ictv.global/msl
Potyviridae	RNA	RNA virus; ssRNA(+)	ssRNA(+)	reference_mapped	ICTV MSL41.v1 (2025)	https://ictv.global/msl
Poxviridae	DNA	DNA virus; dsDNA	dsDNA	reference_mapped	ICTV MSL41.v1 (2025)	https://ictv.global/msl
Pseudototiviridae	RNA	RNA virus; dsRNA	dsRNA	reference_mapped	ICTV MSL41.v1 (2025)	https://ictv.global/msl
Pseudoviridae	RT	Reverse-transcribing virus; ssRNA-RT	ssRNA-RT	reference_mapped	ICTV MSL41.v1 (2025)	https://ictv.global/msl
Pungoviridae	DNA	DNA virus; dsDNA	dsDNA	reference_mapped	ICTV MSL41.v1 (2025)	https://ictv.global/msl
Pyrstoviridae	DNA	DNA virus; dsDNA	dsDNA	reference_mapped	ICTV MSL41.v1 (2025)	https://ictv.global/msl
Qinviridae	RNA	RNA virus; ssRNA(-)	ssRNA(-)	reference_mapped	ICTV MSL41.v1 (2025)	https://ictv.global/msl
Quadriviridae	RNA	RNA virus; dsRNA	dsRNA	reference_mapped	ICTV MSL41.v1 (2025)	https://ictv.global/msl
Quambiviridae	RNA	RNA virus; ssRNA(+/-)	ssRNA(+/-)	reference_mapped	ICTV MSL41.v1 (2025)	https://ictv.global/msl
Quasboviridae	DNA	DNA virus; dsDNA	dsDNA	reference_mapped	ICTV MSL41.v1 (2025)	https://ictv.global/msl
Redondoviridae	DNA	DNA virus; ssDNA(+/-)	ssDNA(+/-)	reference_mapped	ICTV MSL41.v1 (2025)	https://ictv.global/msl
Retroviridae	RT	Reverse-transcribing virus; ssRNA-RT	ssRNA-RT	reference_mapped	ICTV MSL41.v1 (2025)	https://ictv.global/msl
Rhabdoviridae	RNA	RNA virus; ssRNA(-)	ssRNA(-)	reference_mapped	ICTV MSL41.v1 (2025)	https://ictv.global/msl
Rhizouliviridae	RNA	RNA virus; ssRNA(+)	ssRNA(+)	reference_mapped	ICTV MSL41.v1 (2025)	https://ictv.global/msl
Rhodogtaviriformidae	DNA	DNA virus; dsDNA	dsDNA	reference_mapped	ICTV MSL41.v1 (2025)	https://ictv.global/msl
Roniviridae	RNA	RNA virus; ssRNA(+)	ssRNA(+)	reference_mapped	ICTV MSL41.v1 (2025)	https://ictv.global/msl
Rountreeviridae	DNA	DNA virus; dsDNA	dsDNA	reference_mapped	ICTV MSL41.v1 (2025)	https://ictv.global/msl
Rudiviridae	DNA	DNA virus; dsDNA	dsDNA	reference_mapped	ICTV MSL41.v1 (2025)	https://ictv.global/msl
Ruviroviridae	DNA	DNA virus; dsDNA	dsDNA	reference_mapped	ICTV MSL41.v1 (2025)	https://ictv.global/msl
Saffermanviridae	DNA	DNA virus; dsDNA	dsDNA	reference_mapped	ICTV MSL41.v1 (2025)	https://ictv.global/msl
Saladoviridae	DNA	DNA virus; dsDNA	dsDNA	reference_mapped	ICTV MSL41.v1 (2025)	https://ictv.global/msl
Salasmaviridae	DNA	DNA virus; dsDNA	dsDNA	reference_mapped	ICTV MSL41.v1 (2025)	https://ictv.global/msl
Saparoviridae	DNA	DNA virus; dsDNA	dsDNA	reference_mapped	ICTV MSL41.v1 (2025)	https://ictv.global/msl
Sarkviridae	DNA	DNA virus; dsDNA	dsDNA	reference_mapped	ICTV MSL41.v1 (2025)	https://ictv.global/msl
Sarthroviridae	RNA	RNA virus; ssRNA(+)	ssRNA(+)	reference_mapped	ICTV MSL41.v1 (2025)	https://ictv.global/msl
Satyavativiridae	DNA	DNA virus; dsDNA	dsDNA	reference_mapped	ICTV MSL41.v1 (2025)	https://ictv.global/msl
Schitoviridae	DNA	DNA virus; dsDNA	dsDNA	reference_mapped	ICTV MSL41.v1 (2025)	https://ictv.global/msl
Schizomimiviridae	DNA	DNA virus; dsDNA	dsDNA	reference_mapped	ICTV MSL41.v1 (2025)	https://ictv.global/msl
Seadebiviridae	DNA	DNA virus; dsDNA	dsDNA	reference_mapped	ICTV MSL41.v1 (2025)	https://ictv.global/msl
Secoviridae	RNA	RNA virus; ssRNA(+)	ssRNA(+)	reference_mapped	ICTV MSL41.v1 (2025)	https://ictv.global/msl
Sedoreoviridae	RNA	RNA virus; dsRNA	dsRNA	reference_mapped	ICTV MSL41.v1 (2025)	https://ictv.global/msl
Shortaselviridae	DNA	DNA virus; dsDNA	dsDNA	reference_mapped	ICTV MSL41.v1 (2025)	https://ictv.global/msl
Simuloviridae	DNA	DNA virus; dsDNA	dsDNA	reference_mapped	ICTV MSL41.v1 (2025)	https://ictv.global/msl
Sinhaliviridae	RNA	RNA virus; ssRNA(+)	ssRNA(+)	reference_mapped	ICTV MSL41.v1 (2025)	https://ictv.global/msl
Skuldviridae	DNA	DNA virus; dsDNA	dsDNA	reference_mapped	ICTV MSL41.v1 (2025)	https://ictv.global/msl
Smacoviridae	DNA	DNA virus; ssDNA(+/-)	ssDNA(+/-)	reference_mapped	ICTV MSL41.v1 (2025)	https://ictv.global/msl
Soleiviridae	DNA	DNA virus; dsDNA	dsDNA	reference_mapped	ICTV MSL41.v1 (2025)	https://ictv.global/msl
Solemoviridae	RNA	RNA virus; ssRNA(+)	ssRNA(+)	reference_mapped	ICTV MSL41.v1 (2025)	https://ictv.global/msl
Solinviviridae	RNA	RNA virus; ssRNA(+)	ssRNA(+)	reference_mapped	ICTV MSL41.v1 (2025)	https://ictv.global/msl
Solspiviridae	RNA	RNA virus; ssRNA(+)	ssRNA(+)	reference_mapped	ICTV MSL41.v1 (2025)	https://ictv.global/msl
Soropartitiviridae	RNA	RNA virus; dsRNA	dsRNA	reference_mapped	ICTV MSL41.v1 (2025)	https://ictv.global/msl
Speroviridae	DNA	DNA virus; dsDNA	dsDNA	reference_mapped	ICTV MSL41.v1 (2025)	https://ictv.global/msl
Sphaerolipoviridae	DNA	DNA virus; dsDNA	dsDNA	reference_mapped	ICTV MSL41.v1 (2025)	https://ictv.global/msl
Spiciviridae	RNA	RNA virus; dsRNA	dsRNA	reference_mapped	ICTV MSL41.v1 (2025)	https://ictv.global/msl
Spinareoviridae	RNA	RNA virus; dsRNA	dsRNA	reference_mapped	ICTV MSL41.v1 (2025)	https://ictv.global/msl
Spiraviridae	DNA	DNA virus; ssDNA(+)	ssDNA(+)	reference_mapped	ICTV MSL41.v1 (2025)	https://ictv.global/msl
Splipalmiviridae	RNA	RNA virus; ssRNA(+)	ssRNA(+)	reference_mapped	ICTV MSL41.v1 (2025)	https://ictv.global/msl
Sputniviroviridae	DNA	DNA virus; dsDNA	dsDNA	reference_mapped	ICTV MSL41.v1 (2025)	https://ictv.global/msl
Stackebrandtviridae	DNA	DNA virus; dsDNA	dsDNA	reference_mapped	ICTV MSL41.v1 (2025)	https://ictv.global/msl
Stanwilliamsviridae	DNA	DNA virus; dsDNA	dsDNA	reference_mapped	ICTV MSL41.v1 (2025)	https://ictv.global/msl
Steigviridae	DNA	DNA virus; dsDNA	dsDNA	reference_mapped	ICTV MSL41.v1 (2025)	https://ictv.global/msl
Steitzviridae	RNA	RNA virus; ssRNA(+)	ssRNA(+)	reference_mapped	ICTV MSL41.v1 (2025)	https://ictv.global/msl
Straboviridae	DNA	DNA virus; dsDNA	dsDNA	reference_mapped	ICTV MSL41.v1 (2025)	https://ictv.global/msl
Sukshmaviridae	DNA	DNA virus; ssDNA(+)	ssDNA(+)	reference_mapped	ICTV MSL41.v1 (2025)	https://ictv.global/msl
Sunviridae	RNA	RNA virus; ssRNA(-)	ssRNA(-)	reference_mapped	ICTV MSL41.v1 (2025)	https://ictv.global/msl
Suolaviridae	DNA	DNA virus; dsDNA	dsDNA	reference_mapped	ICTV MSL41.v1 (2025)	https://ictv.global/msl
Suoliviridae	DNA	DNA virus; dsDNA	dsDNA	reference_mapped	ICTV MSL41.v1 (2025)	https://ictv.global/msl
Tainaviridae	DNA	DNA virus; ssDNA(+)	ssDNA(+)	reference_mapped	ICTV MSL41.v1 (2025)	https://ictv.global/msl
Tectiviridae	DNA	DNA virus; dsDNA	dsDNA	reference_mapped	ICTV MSL41.v1 (2025)	https://ictv.global/msl
Tenebraviridae	DNA	DNA virus; dsDNA	dsDNA	reference_mapped	ICTV MSL41.v1 (2025)	https://ictv.global/msl
Thalassapleoviridae	DNA	DNA virus; dsDNA	dsDNA	reference_mapped	ICTV MSL41.v1 (2025)	https://ictv.global/msl
Thaspiviridae	DNA	DNA virus; dsDNA	dsDNA	reference_mapped	ICTV MSL41.v1 (2025)	https://ictv.global/msl
Tinaiviridae	DNA	DNA virus; dsDNA	dsDNA	reference_mapped	ICTV MSL41.v1 (2025)	https://ictv.global/msl
Tobaliviridae	RNA	RNA virus; ssRNA(+)	ssRNA(+)	reference_mapped	ICTV MSL41.v1 (2025)	https://ictv.global/msl
Tobaniviridae	RNA	RNA virus; ssRNA(+)	ssRNA(+)	reference_mapped	ICTV MSL41.v1 (2025)	https://ictv.global/msl
Togaviridae	RNA	RNA virus; ssRNA(+)	ssRNA(+)	reference_mapped	ICTV MSL41.v1 (2025)	https://ictv.global/msl
Tolecusatellitidae	DNA	DNA virus; ssDNA; ssDNA(+/-); ssDNA(-)	ssDNA; ssDNA(+/-); ssDNA(-)	reference_mapped	ICTV MSL41.v1 (2025)	https://ictv.global/msl
Tombusviridae	RNA	RNA virus; ssRNA(+)	ssRNA(+)	reference_mapped	ICTV MSL41.v1 (2025)	https://ictv.global/msl
Tomosaviridae	RNA	RNA virus; ssRNA(+)	ssRNA(+)	reference_mapped	ICTV MSL41.v1 (2025)	https://ictv.global/msl
Tonesaviridae	RNA	RNA virus; ssRNA(+)	ssRNA(+)	reference_mapped	ICTV MSL41.v1 (2025)	https://ictv.global/msl
Tosoviridae	RNA	RNA virus; ssRNA(+/-)	ssRNA(+/-)	reference_mapped	ICTV MSL41.v1 (2025)	https://ictv.global/msl
Tospoviridae	RNA	RNA virus; ssRNA(+/-)	ssRNA(+/-)	reference_mapped	ICTV MSL41.v1 (2025)	https://ictv.global/msl
Toyamaviridae	DNA	DNA virus; dsDNA	dsDNA	reference_mapped	ICTV MSL41.v1 (2025)	https://ictv.global/msl
Trautnerviridae	DNA	DNA virus; dsDNA	dsDNA	reference_mapped	ICTV MSL41.v1 (2025)	https://ictv.global/msl
Trimbiviridae	RNA	RNA virus; ssRNA(+/-)	ssRNA(+/-)	reference_mapped	ICTV MSL41.v1 (2025)	https://ictv.global/msl
Tripviridae	DNA	DNA virus; dsDNA	dsDNA	reference_mapped	ICTV MSL41.v1 (2025)	https://ictv.global/msl
Tristromaviridae	DNA	DNA virus; dsDNA	dsDNA	reference_mapped	ICTV MSL41.v1 (2025)	https://ictv.global/msl
Tulasviridae	RNA	RNA virus; ssRNA(+/-)	ssRNA(+/-)	reference_mapped	ICTV MSL41.v1 (2025)	https://ictv.global/msl
Turriviridae	DNA	DNA virus; dsDNA	dsDNA	reference_mapped	ICTV MSL41.v1 (2025)	https://ictv.global/msl
Tymoviridae	MIXED	Family-level genome heterogeneity; ssDNA(+/-); ssRNA(+)	ssDNA(+/-); ssRNA(+)	review_required	ICTV MSL41.v1 (2025)	https://ictv.global/msl
Umezonoviridae	DNA	DNA virus; dsDNA	dsDNA	reference_mapped	ICTV MSL41.v1 (2025)	https://ictv.global/msl
Unambiviridae	RNA	RNA virus; ssRNA(+/-)	ssRNA(+/-)	reference_mapped	ICTV MSL41.v1 (2025)	https://ictv.global/msl
Ungulaviridae	DNA	DNA virus; dsDNA	dsDNA	reference_mapped	ICTV MSL41.v1 (2025)	https://ictv.global/msl
Usuviridae	DNA	DNA virus; dsDNA	dsDNA	reference_mapped	ICTV MSL41.v1 (2025)	https://ictv.global/msl
Vandenendeviridae	DNA	DNA virus; dsDNA	dsDNA	reference_mapped	ICTV MSL41.v1 (2025)	https://ictv.global/msl
Verdandiviridae	DNA	DNA virus; dsDNA	dsDNA	reference_mapped	ICTV MSL41.v1 (2025)	https://ictv.global/msl
Vertoviridae	DNA	DNA virus; dsDNA	dsDNA	reference_mapped	ICTV MSL41.v1 (2025)	https://ictv.global/msl
Vilmaviridae	DNA	DNA virus; dsDNA	dsDNA	reference_mapped	ICTV MSL41.v1 (2025)	https://ictv.global/msl
Vilyaviridae	DNA	DNA virus; ssDNA; ssDNA(+/-)	ssDNA; ssDNA(+/-)	reference_mapped	ICTV MSL41.v1 (2025)	https://ictv.global/msl
Virgaviridae	RNA	RNA virus; ssRNA(+)	ssRNA(+)	reference_mapped	ICTV MSL41.v1 (2025)	https://ictv.global/msl
Winoviridae	DNA	DNA virus; dsDNA	dsDNA	reference_mapped	ICTV MSL41.v1 (2025)	https://ictv.global/msl
Wupedeviridae	RNA	RNA virus; ssRNA(-)	ssRNA(-)	reference_mapped	ICTV MSL41.v1 (2025)	https://ictv.global/msl
Xigoviridae	DNA	DNA virus; dsDNA	dsDNA	reference_mapped	ICTV MSL41.v1 (2025)	https://ictv.global/msl
Xinmoviridae	RNA	RNA virus; ssRNA(-)	ssRNA(-)	reference_mapped	ICTV MSL41.v1 (2025)	https://ictv.global/msl
Yadokariviridae	RNA	RNA virus; ssRNA(+)	ssRNA(+)	reference_mapped	ICTV MSL41.v1 (2025)	https://ictv.global/msl
Yadonushiviridae	RNA	RNA virus; dsRNA	dsRNA	reference_mapped	ICTV MSL41.v1 (2025)	https://ictv.global/msl
Yamazakiviridae	DNA	DNA virus; dsDNA	dsDNA	reference_mapped	ICTV MSL41.v1 (2025)	https://ictv.global/msl
Yangangviridae	DNA	DNA virus; dsDNA	dsDNA	reference_mapped	ICTV MSL41.v1 (2025)	https://ictv.global/msl
Yanlukaviridae	DNA	DNA virus; dsDNA	dsDNA	reference_mapped	ICTV MSL41.v1 (2025)	https://ictv.global/msl
Yaraviridae	DNA	DNA virus; dsDNA	dsDNA	reference_mapped	ICTV MSL41.v1 (2025)	https://ictv.global/msl
Yueviridae	RNA	RNA virus; ssRNA(-)	ssRNA(-)	reference_mapped	ICTV MSL41.v1 (2025)	https://ictv.global/msl
Zierdtviridae	DNA	DNA virus; dsDNA	dsDNA	reference_mapped	ICTV MSL41.v1 (2025)	https://ictv.global/msl
Zimmerviridae	DNA	DNA virus; dsDNA	dsDNA	reference_mapped	ICTV MSL41.v1 (2025)	https://ictv.global/msl
Zobellviridae	DNA	DNA virus; dsDNA	dsDNA	reference_mapped	ICTV MSL41.v1 (2025)	https://ictv.global/msl
Kairosviridae	DNA	DNA virus; dsDNA	dsDNA	reference_mapped	ICTV MSL41.v1 (2025)	https://ictv.global/msl
Kanorauviridae	DNA	DNA virus; ssDNA(+/-)	ssDNA(+/-)	reference_mapped	ICTV MSL41.v1 (2025)	https://ictv.global/msl
Kidogoviridae	DNA	DNA virus; ssDNA(+)	ssDNA(+)	reference_mapped	ICTV MSL41.v1 (2025)	https://ictv.global/msl
Kirkoviridae	DNA	DNA virus; ssDNA(+/-)	ssDNA(+/-)	reference_mapped	ICTV MSL41.v1 (2025)	https://ictv.global/msl
Kitaviridae	RNA	RNA virus; ssRNA(+)	ssRNA(+)	reference_mapped	ICTV MSL41.v1 (2025)	https://ictv.global/msl
Kleczkowskaviridae	DNA	DNA virus; dsDNA	dsDNA	reference_mapped	ICTV MSL41.v1 (2025)	https://ictv.global/msl
Kolmioviridae	RNA	RNA virus; ssRNA(-)	ssRNA(-)	reference_mapped	ICTV MSL41.v1 (2025)	https://ictv.global/msl
Konkoviridae	RNA	RNA virus; ssRNA(+/-); ssRNA(-)	ssRNA(+/-); ssRNA(-)	reference_mapped	ICTV MSL41.v1 (2025)	https://ictv.global/msl
Konodaiviridae	DNA	DNA virus; dsDNA	dsDNA	reference_mapped	ICTV MSL41.v1 (2025)	https://ictv.global/msl
Krittikaviridae	DNA	DNA virus; dsDNA	dsDNA	reference_mapped	ICTV MSL41.v1 (2025)	https://ictv.global/msl
Kruegerviridae	DNA	DNA virus; dsDNA	dsDNA	reference_mapped	ICTV MSL41.v1 (2025)	https://ictv.global/msl
Kunpengviridae	DNA	DNA virus; dsDNA	dsDNA	reference_mapped	ICTV MSL41.v1 (2025)	https://ictv.global/msl
Kyanoviridae	DNA	DNA virus; dsDNA	dsDNA	reference_mapped	ICTV MSL41.v1 (2025)	https://ictv.global/msl
Lakviridae	DNA	DNA virus; dsDNA	dsDNA	reference_mapped	ICTV MSL41.v1 (2025)	https://ictv.global/msl
Lebotiviridae	RNA	RNA virus; dsRNA	dsRNA	reference_mapped	ICTV MSL41.v1 (2025)	https://ictv.global/msl
Leishbuviridae	RNA	RNA virus; ssRNA(-)	ssRNA(-)	reference_mapped	ICTV MSL41.v1 (2025)	https://ictv.global/msl
Leisingerviridae	DNA	DNA virus; dsDNA	dsDNA	reference_mapped	ICTV MSL41.v1 (2025)	https://ictv.global/msl
Liberviridae	DNA	DNA virus; ssDNA(+)	ssDNA(+)	reference_mapped	ICTV MSL41.v1 (2025)	https://ictv.global/msl
Lilleviridae	DNA	DNA virus; ssDNA(+)	ssDNA(+)	reference_mapped	ICTV MSL41.v1 (2025)	https://ictv.global/msl
Lilliviridae	DNA	DNA virus; dsDNA	dsDNA	reference_mapped	ICTV MSL41.v1 (2025)	https://ictv.global/msl
Lindbergviridae	DNA	DNA virus; dsDNA	dsDNA	reference_mapped	ICTV MSL41.v1 (2025)	https://ictv.global/msl
Lipothrixviridae	DNA	DNA virus; dsDNA	dsDNA	reference_mapped	ICTV MSL41.v1 (2025)	https://ictv.global/msl
Lispiviridae	RNA	RNA virus; ssRNA(-)	ssRNA(-)	reference_mapped	ICTV MSL41.v1 (2025)	https://ictv.global/msl
Litenviridae	DNA	DNA virus; ssDNA(+)	ssDNA(+)	reference_mapped	ICTV MSL41.v1 (2025)	https://ictv.global/msl
Litilviridae	DNA	DNA virus; ssDNA(+)	ssDNA(+)	reference_mapped	ICTV MSL41.v1 (2025)	https://ictv.global/msl
Lomiviridae	DNA	DNA virus; dsDNA	dsDNA	reference_mapped	ICTV MSL41.v1 (2025)	https://ictv.global/msl
Ludisviridae	DNA	DNA virus; dsDNA	dsDNA	reference_mapped	ICTV MSL41.v1 (2025)	https://ictv.global/msl
Luriaviridae	DNA	DNA virus; dsDNA	dsDNA	reference_mapped	ICTV MSL41.v1 (2025)	https://ictv.global/msl
Lutetiaviridae	DNA	DNA virus; dsDNA	dsDNA	reference_mapped	ICTV MSL41.v1 (2025)	https://ictv.global/msl
Lutzviridae	DNA	DNA virus; dsDNA	dsDNA	reference_mapped	ICTV MSL41.v1 (2025)	https://ictv.global/msl
Madisaviridae	DNA	DNA virus; dsDNA	dsDNA	reference_mapped	ICTV MSL41.v1 (2025)	https://ictv.global/msl
Madridviridae	DNA	DNA virus; dsDNA	dsDNA	reference_mapped	ICTV MSL41.v1 (2025)	https://ictv.global/msl
Mahapunaviridae	DNA	DNA virus; ssDNA(+/-)	ssDNA(+/-)	reference_mapped	ICTV MSL41.v1 (2025)	https://ictv.global/msl
Malacoherpesviridae	DNA	DNA virus; dsDNA	dsDNA	reference_mapped	ICTV MSL41.v1 (2025)	https://ictv.global/msl
Mamonoviridae	DNA	DNA virus; dsDNA	dsDNA	reference_mapped	ICTV MSL41.v1 (2025)	https://ictv.global/msl
Mariniviridae	DNA	DNA virus; dsDNA	dsDNA	reference_mapped	ICTV MSL41.v1 (2025)	https://ictv.global/msl
Marnaviridae	RNA	RNA virus; ssRNA(+)	ssRNA(+)	reference_mapped	ICTV MSL41.v1 (2025)	https://ictv.global/msl
Marseilleviridae	DNA	DNA virus; dsDNA	dsDNA	reference_mapped	ICTV MSL41.v1 (2025)	https://ictv.global/msl
Matonaviridae	RNA	RNA virus; ssRNA(+)	ssRNA(+)	reference_mapped	ICTV MSL41.v1 (2025)	https://ictv.global/msl
Matsushitaviridae	DNA	DNA virus; dsDNA	dsDNA	reference_mapped	ICTV MSL41.v1 (2025)	https://ictv.global/msl
Maviroviridae	DNA	DNA virus; dsDNA	dsDNA	reference_mapped	ICTV MSL41.v1 (2025)	https://ictv.global/msl
Mayoviridae	RNA	RNA virus; ssRNA(+)	ssRNA(+)	reference_mapped	ICTV MSL41.v1 (2025)	https://ictv.global/msl
Mazaviridae	DNA	DNA virus; ssDNA(+)	ssDNA(+)	reference_mapped	ICTV MSL41.v1 (2025)	https://ictv.global/msl
Mazoviaviridae	DNA	DNA virus; dsDNA	dsDNA	reference_mapped	ICTV MSL41.v1 (2025)	https://ictv.global/msl
Medioniviridae	RNA	RNA virus; ssRNA(+)	ssRNA(+)	reference_mapped	ICTV MSL41.v1 (2025)	https://ictv.global/msl
Megabirnaviridae	RNA	RNA virus; dsRNA	dsRNA	reference_mapped	ICTV MSL41.v1 (2025)	https://ictv.global/msl
Megatotiviridae	RNA	RNA virus; dsRNA	dsRNA	reference_mapped	ICTV MSL41.v1 (2025)	https://ictv.global/msl
Mesomimiviridae	DNA	DNA virus; dsDNA	dsDNA	reference_mapped	ICTV MSL41.v1 (2025)	https://ictv.global/msl
Mesoniviridae	RNA	RNA virus; ssRNA(+)	ssRNA(+)	reference_mapped	ICTV MSL41.v1 (2025)	https://ictv.global/msl
Mestraviridae	DNA	DNA virus; dsDNA	dsDNA	reference_mapped	ICTV MSL41.v1 (2025)	https://ictv.global/msl
Mesyanzhinovviridae	DNA	DNA virus; dsDNA	dsDNA	reference_mapped	ICTV MSL41.v1 (2025)	https://ictv.global/msl
Metaviridae	RT	Reverse-transcribing virus; ssRNA-RT	ssRNA-RT	reference_mapped	ICTV MSL41.v1 (2025)	https://ictv.global/msl
Metaxyviridae	DNA	DNA virus; ssDNA(+)	ssDNA(+)	reference_mapped	ICTV MSL41.v1 (2025)	https://ictv.global/msl
Mimiviridae	DNA	DNA virus; dsDNA	dsDNA	reference_mapped	ICTV MSL41.v1 (2025)	https://ictv.global/msl
Mitoviridae	RNA	RNA virus; ssRNA(+)	ssRNA(+)	reference_mapped	ICTV MSL41.v1 (2025)	https://ictv.global/msl
Molycolviridae	DNA	DNA virus; dsDNA	dsDNA	reference_mapped	ICTV MSL41.v1 (2025)	https://ictv.global/msl
Monocitiviridae	RNA	RNA virus; dsRNA	dsRNA	reference_mapped	ICTV MSL41.v1 (2025)	https://ictv.global/msl
Mononiviridae	RNA	RNA virus; ssRNA(+)	ssRNA(+)	reference_mapped	ICTV MSL41.v1 (2025)	https://ictv.global/msl
Mtkvariviridae	DNA	DNA virus; dsDNA	dsDNA	reference_mapped	ICTV MSL41.v1 (2025)	https://ictv.global/msl
Mycoalphaviridae	RNA	RNA virus; ssRNA(+)	ssRNA(+)	reference_mapped	ICTV MSL41.v1 (2025)	https://ictv.global/msl
Mymonaviridae	RNA	RNA virus; ssRNA(-)	ssRNA(-)	reference_mapped	ICTV MSL41.v1 (2025)	https://ictv.global/msl
